SKU,Name
RKYU820887-01-05,$100 OG Cannabis Seeds
RK9UG20893-02-05,24k Gold Cannabis Seeds
RKV1K16304-04-01,3 Kings Cannabis Seeds
RKL2L20901-01-13,303 OG Cannabis Seeds
RK1KW20907-01-05,3X Crazy Cannabis Seeds
RKW7620917-01-13,501st OG Cannabis Seeds
RKY4P20924-05-19,5th Element Cannabis Seeds
RKOF720943-01-13,707 Headband Cannabis Seeds
RK6N221117-01-25,9 Pound Hammer Cannabis Seeds
RK3C720949,A-10 Cannabis Seeds
RKOKU23021-05-19,A-Train Cannabis Seeds
RKS3A22081-01-01,AK Cannabis Seeds
RK2BU21045-01-01,AK-47 Cannabis Seeds
RKKSZ21052-01-07,AK-48 Cannabis Seeds
RKTEN20982-01-23,Abusive OG Cannabis Seeds
RKVLD22358-01-01,Acapulco Gold Cannabis Seeds
RK2IS20971-01-25,Ace Killer OG Cannabis Seeds
RKUXE21008-01-19,Ace of Spades Cannabis Seeds
RKHVK21002-04-25,Afghan Big Bud Cannabis Seeds
RKK1A21013-01-25,Afghan Kush Cannabis Seeds
RK1YY21020-04-05,Afghan Skunk Cannabis Seeds
RK7ZU21124-02-23,Afghani Cannabis Seeds
RKED421131-01-07,Afgoo Cannabis Seeds
RK94721026-01-07,Afgooey Cannabis Seeds
RKUZJ2729807-05-03,Afwreck Cannabis Seeds
RK9HN21039-01-01,Agent Orange Cannabis Seeds
RK4LX21066-01-03,Alaskan Ice Cannabis Seeds
RKRL922348-01-01,Alaskan Thunder Fuck Cannabis Seeds
RK4O421083-01-09,Alice In Wonderland Cannabis Seeds
RK18J21089-01-05,Alien Dawg Cannabis Seeds
RKPMX21096-04-19,Alien Kush Cannabis Seeds
RK41921102-01-05,Alien OG Cannabis Seeds
RK7E221110-01-19,Alien Rock Candy Cannabis Seeds
RKF5V2735226-05-23,Alien Technology Cannabis Seeds
RKZ522734740-01-05,Aliens On Moonshine Cannabis Seeds
RKX5Z2729702-05-01,Allen Wrench Cannabis Seeds
RK4ZH2729813-05-09,Alpha Blue Cannabis Seeds
RK8YQ2734256-05-25,Alpine Star Cannabis Seeds
RKP442729821-05-05,Ambrosia Cannabis Seeds
RKXSS21139-05-01,American Haze Cannabis Seeds
RKN2626543,American Kush Cannabis Seeds
RKJ662735434-05-23,Americano Cannabis Seeds
RKUH125702-01-03,Amherst Diesel Cannabis Seeds
RK32M21145-01-09,Amnesia Cannabis Seeds
RKZ5R26519-01-01,Amnesia Haze Cannabis Seeds
RKM172729601-05-01,Amnesia Lemon Cannabis Seeds
RKJSR2735239-05-25,Ancient Kush Cannabis Seeds
RKY132733739-05-23,Anesthesia Cannabis Seeds
RK25G2729837-05-07,Animal Cookies Cannabis Seeds
RKK4G2734900-05-05,Anonymous OG Cannabis Seeds
RKE4D26916-01-03,Apollo 13 Cannabis Seeds
RKB932735268-05,Appleberry Cannabis Seeds
RK9RV2735427-05-07,Athabasca Cannabis Seeds
RKN2J2732180-05-05,Atomic Northern Lights Cannabis Seeds
RK6A92733922-05-07,Aurora Borealis Cannabis Seeds
RKCTB2729934-05-23,Aurora Cannabis Seeds
RKBS12734888-01-23,Ayahuasca Purple Cannabis Seeds
RK43T2730627-05-15,BCN Diesel CBD Cannabis Seeds
RKFZV2735281-04-23,Bakerstreet Cannabis Seeds
RK1GY2734329-05-23,Banana Candy Cannabis Seeds
RK89M2729948-05-03,Banana Diesel Cannabis Seeds
RKAWH23958-05-19,Banana Kush Cannabis Seeds
RKG8Y21164-02-23,Banana OG Cannabis Seeds
RKK132733909-05-07,Barbara Bud Cannabis Seeds
RKTHH2735000-05-07,Batman OG Cannabis Seeds
RK74J2729696-05-03,Bay 11 Cannabis Seeds
RK4962729961-05-03,Bay Dream Cannabis Seeds
RKQWE2735140-05-25,Berry Noir Cannabis Seeds
RK6NO21174-01-07,Berry White Cannabis Seeds
RKC5T2729980-05-23,Big Bud Cannabis Seeds
RKOMD2729986-05-03,Bio Diesel Cannabis Seeds
RK75I2734112-05-25,Biochem Cannabis Seeds
RKXZ22732240-05-25,Birthday Cake Kush Cannabis Seeds
RK5P22733890-05-25,Black 84 Cannabis Seeds
RK6KV2734416-05-23,Black Afghan Cannabis Seeds
RK5AE2730023-05-03,Black Betty Cannabis Seeds
RK4F72730060-05-13,Black Cherry Cannabis Seeds
RK23M2732635-05-03,Black Cherry Soda Cannabis Seeds
RK3H92730143-05-19,Black Diamond Cannabis Seeds
RKL5D2729595-05-23,Black Domina Cannabis Seeds
RK9B32733673-05-13,Black Ice Cannabis Seeds
RK36I27276-03-13,Black Mamba Cannabis Seeds
RK3ZG2729974-05-07,Black Tuna Cannabis Seeds
RKR3C2730157-05-03,Black Widow Cannabis Seeds
RKL6I2734061-05-13,Blackberry Bubble Cannabis Seeds
RKLRJ2730190-05-13,Blackberry Cannabis Seeds
RK6KB2734468-05-25,Blackberry Cream Cannabis Seeds
RK9L821184-02-25,Blackberry Kush Cannabis Seeds
RKIXN2735579-05-25,Blackberry Pie Cannabis Seeds
RK6MM2734036-05-13,Blackberry Rhino Cannabis Seeds
RKV8K2730201-05-03,Blackwater Cannabis Seeds
RK1N22734382-05-23,Bloos Kloos Cannabis Seeds
RKP9M2733715-05-07,Blue Afghani Cannabis Seeds
RKS1D20121-03-07,Blue Amnesia Cannabis Seeds
RKB552734278-02-05,Blue Blood Cannabis Seeds
RKOR92735183-05-07,Blue Buddha Cannabis Seeds
RK6OO21194-01-19,Blue Cheese Cannabis Seeds
RK28224148-01-23,Blue Cookies Cannabis Seeds
RK9U52730210-05-03,Blue Crack Cannabis Seeds
RK1742730166-05-13,Blue Diamond Cannabis Seeds
RK8942730177-05-25,Blue Diesel Cannabis Seeds
RKFE326533-01-13,Blue Dragon Cannabis Seeds
RKQ1422368-01-03,Blue Dream Cannabis Seeds
RKO4M2730184-05-05,Blue Frost Cannabis Seeds
RKR162731021-05-23,Blue God Cannabis Seeds
RK1SI2732888-05-07,Blue Goo Cannabis Seeds
RK1882732894-05-19,Blue Hawaiian Cannabis Seeds
RK7R226337-01-07,Blue Knight Cannabis Seeds
RKW882733858-05-07,Blue Lights Cannabis Seeds
RKF582732900-05-25,Blue Magoo Cannabis Seeds
RKACS2734913-05-13,Blue Monster Cannabis Seeds
RKUYF2732908-05-23,Blue Moon Rocks Cannabis Seeds
RK7X32730073-05-07,Blue Mystic Cannabis Seeds
RKUG72735303-01-23,Blue Ox Cannabis Seeds
RKCNK2732957-05-25,Blue Widow Cannabis Seeds
RK5782734919-05-07,Blue Zkittlez Cannabis Seeds
RKO962734957-05,Blue Zombie Cannabis Seeds
RKT5H26911-01-07,Blueberry Cheesecake Cannabis Seeds
RKP5921204-01-19,Blueberry Kush Cannabis Seeds
RKTSL2731330-05-13,Blueberry Skunk Cannabis Seeds
RK8NA2735662-05-25,Blueberry Space Cake Cannabis Seeds
RKAR92735347-05-25,Blueberry Waltz Cannabis Seeds
RKWM22730053-05-19,Blueberry Yum Yum Cannabis Seeds
RKYIF2735505-05-01,Bluniverse Cannabis Seeds
RKJA22734389-05-07,Brains Damage Cannabis Seeds
RK74R2735628-05-03,Brainwreck Cannabis Seeds
RKO5V2733703-05-05,Brand X Cannabis Seeds
RK8T821214-01-23,Bruce Banner Cannabis Seeds
RKMBD21224-01-05,Bubba Kush Cannabis Seeds
RK3FD2731628-05-25,Bubba OG Cannabis Seeds
RK7R42734342-05-07,Bubble Cheese Cannabis Seeds
RK7Z42731854-05-05,Bubbleberry Cannabis Seeds
RKP3G22101-01-25,Bubblegum Cannabis Seeds
RKGDX2731939-05-07,Bubblegum Kush Cannabis Seeds
RKGI22734993-05-13,Buckeye Purple Cannabis Seeds
RKVV12732033-05-23,Buddha Tahoe Cannabis Seeds
RKMNQ2732144-05-23,Buddha's Sister Cannabis Seeds
RKKOZ2734207-05-05,Butter OG Cannabis Seeds
RKC3G2734474-05-07,Butterscotch Cannabis Seeds
RK1992730692-05-15,CBD 3D Cannabis Seeds
RKDX622258-02-15,CBD ACDC Cannabis Seeds
RKU2E2730602-05-17,CBD Blue Shark Cannabis Seeds
RKJPQ22273-01-17,CBD Blueberry Cannabis Seeds
RKF3N2730608-05-17,CBD Caramel Cannabis Seeds
RKOP72730522-05-17,CBD Critical Cure Cannabis Seeds
RKG8822283-01-17,CBD Critical Mango Cannabis Seeds
RKHC222293-01-17,CBD Critical Mass Cannabis Seeds
RK9IJ2730742-05-15,CBD Fast Eddy Cannabis Seeds
RKF612730704-05-15,CBD Haze Cannabis Seeds
RKZOU2730594-05-17,CBD Lemon Potion Cannabis Seeds
RKXH72730516-05-15,CBD Mango Haze Cannabis Seeds
RKA692730698-05-15,CBD MediHaze Cannabis Seeds
RKBX522302-01-15,CBD Moby Dick Cannabis Seeds
RKQ362730748-05-15,CBD OG Kush Cannabis Seeds
RKLS72730736-05-15,CBD PH Haze Cannabis Seeds
RKXWM22312-01-17,CBD Shark Cannabis Seeds
RKLS424935-05-17,CBD Solomatic Cannabis Seeds
RKTTN2730760-05-17,CBD Stress Killer Cannabis Seeds
RK8UC2730754-05-15,CBD Therapy Cannabis Seeds
RKB6Z2730710-05-15,CBD Yummy Cannabis Seeds
RKX9C2735134-05-05,CHR Super OG Cannabis Seeds
RKQJG2731558-05-01,Cactus Cannabis Seeds
RKQRM2731634-05-19,Cadillac Purple Cannabis Seeds
RKJA924154-01-07,Cali Kush Cannabis Seeds
RKX4L2735212-05-19,California Grapefruit Cannabis Seeds
RK9L62730553-05-03,California Love Cannabis Seeds
RK1G52731749-05-25,Candy Jack Cannabis Seeds
RKPXR22111,Candy Kush Cannabis Seeds
RKT8U25941-01-25,Candyland Cannabis Seeds
RK96H2731954-05-05,Canna-Tsu Cannabis Seeds
RK74H2732039-05-09,Cannalope Haze Cannabis Seeds
RKC3X21234-01-15,Cannatonic CBD Cannabis Seeds
RKCSA2729715-05-03,Cannatonic Cannabis Seeds
RKOA42734708-05-07,Cascadia Kush Cannabis Seeds
RKPIJ26318-01-01,Casey Jones Cannabis Seeds
RKI452735384-04-05,Casper OG Cannabis Seeds
RKPOS2732293-05-01,Cat Piss Cannabis Seeds
RKL4H2732544-05-19,Champagne Kush Cannabis Seeds
RKI9822121-01-07,Cheese Cannabis Seeds
RKL4K2730040-05-25,Cheese Quake Cannabis Seeds
RKI9F2735050-05-13,Chem D.O.G. Cannabis Seeds
RKQ1I2733727-05-05,Chem Scout Cannabis Seeds
RKB6Y2732815-01-01,Chem Valley Kush Cannabis Seeds
RKBS42732845-05-19,Chemdawg 91 Cannabis Seeds
RK8CW2732156-05-01,Chemdawg Sour Diesel Cannabis Seeds
RKH2421244-01-23,Chemdog #4 Cannabis Seeds
RKR422732881-05-23,Chemo Cannabis Seeds
RK5FO21254-01-03,Chernobyl Cannabis Seeds
RK6AM2734488-05-13,Cherries Jubilee Cannabis Seeds
RKBU82732970-05-03,Cherry AK-47 Cannabis Seeds
RK95G2732995-05-13,Cherry Bomb Cannabis Seeds
RKTUY2733027-05-19,Cherry OG Cannabis Seeds
RKX2321268-01-05,Cherry Pie Cannabis Seeds
RK3252733039-05-03,Chiesel Cannabis Seeds
RKCQI2733057-05-09,Chocolate Thai Cannabis Seeds
RK93721279-01-13,Chocolope Cannabis Seeds
RKTZU2733079-05-05,Chocolope Kush Cannabis Seeds
RKR2C2733108-05-07,Chronic Cannabis Seeds
RK3H12733115-04-25,Church OG Cannabis Seeds
RK4DK21289-01-01,Cinderella 99 Cannabis Seeds
RK4D82730403-05-01,Cinderella's Dream Cannabis Seeds
RKRWZ26906-01-13,Cinex Cannabis Seeds
RKB1I2733318-05-25,Citrix Cannabis Seeds
RKG3J2733331-05-01,Citrus Sap Cannabis Seeds
RK1WB2730329-05-01,Clementine Cannabis Seeds
RK83S26872-01-01,Colombian Gold Cannabis Seeds
RK88O2735164-05-23,Colorado Bubba Cannabis Seeds
RKBK82735353-05-07,Colorado Clementines Cannabis Seeds
RKZNK2733361-05-23,Conspiracy Kush Cannabis Seeds
RK9V12733374-05-13,Cookie Monster Cannabis Seeds
RK9DD2730047,Cookies Kush Cannabis Seeds
RK1K82733431-05-05,Cookies and Cream Cannabis Seeds
RK9562735297-05-07,Copper Kush Cannabis Seeds
RK3JS2733398-05-23,Cornbread Cannabis Seeds
RK8H72730961-05-01,Cotton Candy Kush Cannabis Seeds
RK3QO2733412-05-01,Cracker Jack Cannabis Seeds
RK13B25815-02-19,Cream Caramel Cannabis Seeds
RKJFR21299-03-05,Critical Kush Cannabis Seeds
RK1PY2733468-05-25,Critical Plus Cannabis Seeds
RKVJ72733102-05-23,Critical Sensi Star Cannabis Seeds
RKEDS2735609-05-23,Critical Skunk Cannabis Seeds
RKYD92735108-05-25,Crosswalker Cannabis Seeds
RKA2125795-01-23,Crouching Tiger Hidden Alien Cannabis Seeds
RK39F2734244-01-13,Crown Royale Cannabis Seeds
RKNNR2733802-05-07,Cuvee Cannabis Seeds
RKUO32731027-05-23,DJ Short Blueberry Cannabis Seeds
RKL7R2734746-05-07,Dakini Kush Cannabis Seeds
RK6O92730534-05-15,Dance World CBD Cannabis Seeds
RKEZP21309-01-15,Dancehall CBD Cannabis Seeds
RKHB82733838-05-07,Dank Schrader Cannabis Seeds
RKWGY25788-03-19,Dank Sinatra Cannabis Seeds
RKXKG2733691-05-19,Danky Doodle Cannabis Seeds
RKN7M2731564-05-23,Dark Star Cannabis Seeds
RKFYO2731033-05-07,Darth Vader OG Cannabis Seeds
RK9K72731164-05-01,Deadhead OG Cannabis Seeds
RK9B42735315-01-05,Deadwood Cannabis Seeds
RK4OA26207-01-13,Death Bubba Cannabis Seeds
RK7ZB21319-01-19,Death Star Cannabis Seeds
RK6LY2735152-05-13,Deep Chunk Cannabis Seeds
RK2HF2731866-05-23,Deep Purple Cannabis Seeds
RKB392734714-05-19,Denver Maple Cannabis Seeds
RKUBD2731960-05-03,Diablo Cannabis Seeds
RKH3121329-01-03,Diesel Cannabis Seeds
RK37X2734284-05-23,Digweed Cannabis Seeds
RKZD32730621-05-17,Divine CBD Cannabis Seeds
RKW1L26921-01-05,Do-Si-Dos Cannabis Seeds
RKDQ42735245-05-13,Domino Cannabis Seeds
RK9X62732581-05-19,Donna OG Cannabis Seeds
RKWSI2736455-04-05,Dorit Cannabis Seeds
RKHMF21339-01-09,Double Dream Cannabis Seeds
RK2CN2734404-05-07,Double OG Cannabis Seeds
RKHO22734067-05-13,Double Purple Doja Cannabis Seeds
RK4OQ2729955-05-25,Double Tangie Banana Cannabis Seeds
RKLSG2733709-05-23,Dr. Funk Cannabis Seeds
RKT7B21350-01-09,Durban Poison Cannabis Seeds
RK3332734975-05-13,Durga Mata Cannabis Seeds
RKT4G2732649-05-03,Dutch Dragon Cannabis Seeds
RKRLP2735190-01-23,Dutch Kush Cannabis Seeds
RKW4B21360-01-05,Dutch Treat Cannabis Seeds
RKFYH2732821-05-07,Dutchberry Cannabis Seeds
RKN9I2732851-05-13,Dynamite Cannabis Seeds
RKGWT2735560-05-05,Early Skunk Cannabis Seeds
RK3992730795-05-03,East Coast Sour Diesel Cannabis Seeds
RKCOX2733928-05-07,Edelweiss Cannabis Seeds
RKK2225810-01-05,El Chapo OG Cannabis Seeds
RKWYS2734262-05-23,Endless Sky Cannabis Seeds
RK84H2735013-05-23,Enemy of the State Cannabis Seeds
RKO582734721-05-25,Everlast Cannabis Seeds
RKX5Y21370-03-07,Ewok Cannabis Seeds
RKBN62734200-05-25,Extreme Cream Cannabis Seeds
RKKH72735025-05-07,Extreme OG Cannabis Seeds
RKB7R2735114-01-19,Fat Purple Cannabis Seeds
RK8VI2734950-01-19,Faygo Red Pop Cannabis Seeds
RKMHO2730067-05-05,Fire OG Cannabis Seeds
RK8R82731410-05-03,Flo Cannabis Seeds
RKOX42733608-05-05,Flowerbomb Kush Cannabis Seeds
RKTHC21381-01-19,Forbidden Fruit Cannabis Seeds
RKZ9R2733721-05-19,Freezeland Cannabis Seeds
RKZ2Y2734620-05-19,Frida Cannabis Seeds
RKA2N2733934-05-19,Fruity Chronic Juice Cannabis Seeds
RK2WV22955-01-07,Fruity Pebbles Cannabis Seeds
RK15U2734938-01-19,Fruitylicious Cannabis Seeds
RKDC226353-01-23,Fucking Incredible Cannabis Seeds
RK1CS2734317-05-13,Funky Monkey Cannabis Seeds
RKXDQ21401-01-23,G13 Cannabis Seeds
RK1I12735517-01-05,G13 Widow Cannabis Seeds
RKPWQ26781-01-13,GMO Cookies Cannabis Seeds
RKARC2731054-05-03,Galactic Jack Cannabis Seeds
RK9MP2731170-05-25,Game Changer Cannabis Seeds
RKWOA2734632-05-19,Garlic Bud Cannabis Seeds
RKVMQ21411-01-07,Gelato Cannabis Seeds
RKA582731417-05-13,Ghost OG Cannabis Seeds
RK2M925946-01-13,Ghost Train Haze Cannabis Seeds
RK3822733903-05-05,Gigabud Cannabis Seeds
RK99321421-01-25,Girl Scout Cookies Cannabis Seeds
RK8642734907-05-07,Gobbilygoo Cannabis Seeds
RKM2G2735274-05-13,Gobbstopper Cannabis Seeds
RK1Y52731640-05-25,God Bud Cannabis Seeds
RK9NA2731860-05-19,Godberry Cannabis Seeds
RK47K23909-01-03,Godfather OG Cannabis Seeds
RK2KT2734220-05-19,Godfather Purple Kush Cannabis Seeds
RK5K82734055-05-23,Godzilla Cannabis Seeds
RKGDG2735171-01-23,God's Treat Cannabis Seeds
RK71A2732052-05-03,Goji OG Haze Cannabis Seeds
RKCL92734376-05-13,Goldberry Cannabis Seeds
RKKYN26901-01-01,Golden Goat Cannabis Seeds
RKEZJ2732162-05-19,Golden Pineapple Cannabis Seeds
RKD2B2732325-05-13,Goo Cannabis Seeds
RKUD422151-01-25,Gorilla Glue Cannabis Seeds
RK37E2733790-05-19,Grand Doggy Purps Cannabis Seeds
RKK512734297-05-05,Grand Hindu Cannabis Seeds
RK5AE21441-01-07,Granddaddy Purple Cannabis Seeds
RKD6Q2733685-05-23,Grandpa Larry OG Cannabis Seeds
RKYX221451-01-23,Grape Ape Cannabis Seeds
RKFNV2735335-05,Grape Drink Cannabis Seeds
RKJD12730942-05-13,Grape God Cannabis Seeds
RKEAV2730354-05-03,Grape Kush Cannabis Seeds
RK13D2733897-05-13,Grape OX Cannabis Seeds
RK46J2732557-05-03,Grape Stomper Cannabis Seeds
RKK842734590-05-05,Grape Valley Kush Cannabis Seeds
RKKHI2732228-05-07,Grapefruit Diesel Cannabis Seeds
RKLCB2729684-05-19,Grapefruit Kush Cannabis Seeds
RKS6525887-01-25,Grease Monkey Cannabis Seeds
RKDU721461-01-05,Great White Shark Cannabis Seeds
RK14X2732623-01-01,Green Candy Cannabis Seeds
RK98J21472-01-01,Green Crack Cannabis Seeds
RK5A92732656-05-03,Green Dream Cannabis Seeds
RK48N2730989-05-05,Green Goddess Cannabis Seeds
RKKB72734304-01-07,Green Love Potion Cannabis Seeds
RKB712735328-05-13,Guard Dawg Cannabis Seeds
RK7TA2735063-01-03,Guido Kush Cannabis Seeds
RK15H2735232-05-19,Gutbuster Cannabis Seeds
RK8992735196-05-05,Hammerhead Cannabis Seeds
RK68O25966-01-17,Harle-Tsu CBD Cannabis Seeds
RK6BY21482-01-15,Harlequin CBD Cannabis Seeds
RKLQL2735019-05-05,Harmonia Cannabis Seeds
RK2ZB2735044-01-05,Hashbar OG Cannabis Seeds
RKC5725953-01-15,Hawaiian Dream CBD Cannabis Seeds
RKJEN2731647-05-09,Hawaiian Snow Cannabis Seeds
RKK9I2731872-05-05,Head Cheese Cannabis Seeds
RKESK21492-01-19,Headband Cannabis Seeds
RK51A2732409-05-07,Heavy Duty Fruity Cannabis Seeds
RKUMC26225-01-23,Hells OG Haze Cannabis Seeds
RKM1221502-03-23,Herijuana Cannabis Seeds
RK4QH22172-01-07,Hindu Kush Cannabis Seeds
RKNIC2730418-03,Hindu Skunk Cannabis Seeds
RKJ262731755-05-23,Hog's Breath Cannabis Seeds
RK8W823652-01-01,Holy Grail Kush Cannabis Seeds
RKEB12729999-05-01,Honey Bananas Cannabis Seeds
RKDQX2734012-05-13,Honey Boo Boo Cannabis Seeds
RKVX62732312-05-13,Huckleberry Cannabis Seeds
RK5122735359-01-19,Humboldt Dream Cannabis Seeds
RK22H2735371-05-19,Humboldt Headband Cannabis Seeds
RKYAL2730341-05-25,I-95 Cannabis Seeds
RKNHA2731060-05-19,Ice Cream Cannabis Seeds
RK7PO2733915-05-23,Iced Widow Cannabis Seeds
RK11W2734969-05,Illuminati OG Cannabis Seeds
RK2ZD2735585-01-05,Industrial Plant Cannabis Seeds
RK37L21512-01-05,Ingrid Cannabis Seeds
RK2Q427020-01-03,Island Sweet Skunk Cannabis Seeds
RK18L2731066-05-03,J1 Cannabis Seeds
RK4G52731182-01-07,Jack Flash Cannabis Seeds
RK85F2730955-05-07,Jack Frost Cannabis Seeds
RK1IZ21522-05-25,Jack Herer Cannabis Seeds
RK3RQ2731485-05-01,Jack Skellington Cannabis Seeds
RKH642731582-05-01,Jack the Ripper Cannabis Seeds
RKE762735511-05-03,Jacked-Up Cannabis Seeds
RKSKL2731885-04-07,Jager Cannabis Seeds
RK2IL2734602-05-25,Jawa Pie Cannabis Seeds
RKEFP21532-01-03,Jean Guy Cannabis Seeds
RK9112731653-05-05,Jedi Kush Cannabis Seeds
RK77L2735390-01-25,Jelly Roll Cannabis Seeds
RK4L42729769-05-03,Jesus OG Cannabis Seeds
RK5RN2730116-05-01,Jet Fuel Cannabis Seeds
RKDO221542-01-19,Jillybean Cannabis Seeds
RKO6P2735365-05-05,Josh D OG Cannabis Seeds
RKN4V21552-01-03,Juicy Fruit Cannabis Seeds
RKZ542734000-05-07,K-Train Cannabis Seeds
RKGQI2735341-01-19,Kahuna Cannabis Seeds
RKMV22735546-01-03,Kali Dog Cannabis Seeds
RKUKU21562-01-09,Kali Mist Cannabis Seeds
RK5I92736441-04-05,Kandahar Cannabis Seeds
RKIZ32734093-05-13,Katsu Bubba Kush Cannabis Seeds
RKNZ32733772-05-13,Katsu Kush Cannabis Seeds
RK9RT2733488-02-23,Kelly Hill Gold Cannabis Seeds
RK2VM26301-01-01,Key Lime Pie Cannabis Seeds
RK6Q626842-01-05,Khalifa Kush Cannabis Seeds
RKEFQ2734250-05-05,Khufu Cannabis Seeds
RKA262730410-05-03,Kilimanjaro Cannabis Seeds
RKUA52735622-01-13,Killer Grape Cannabis Seeds
RKZO92731660-05-19,Kimbo Kush Cannabis Seeds
RK59Z2731762-05-23,King Kong Cannabis Seeds
RKKMB2731878-05-07,King Louis XIII Cannabis Seeds
RK8VX2731267-05-23,King's Kush Cannabis Seeds
RK6OB2735081-05-05,Kiwiskunk Cannabis Seeds
RKPEY2735177-05-07,Kobain Kush Cannabis Seeds
RK7ND2731974-05-05,Kong Cannabis Seeds
RK88C21572-03-05,Kosher Kush Cannabis Seeds
RK2P12730930-05-25,Kosher Tangie Cannabis Seeds
RKGBI2734311-05-19,Kraken Cannabis Seeds
RK6G42735158-05-19,Krishna Kush Cannabis Seeds
RK3S92734650-05-19,Kushadelic Cannabis Seeds
RKGU52732174-05-05,Kushberry Cannabis Seeds
RKCI321582-01-13,LA Confidential Cannabis Seeds
RKC5O26776-01-09,Lamb's Bread Cannabis Seeds
RK72F21602-01-07,Larry OG Cannabis Seeds
RKHBP23031-01-03,Laughing Buddha Cannabis Seeds
RKY4V21592-01-13,Lavender Cannabis Seeds
RK7192734447-05-19,Legend OG Cannabis Seeds
RK7D92731188-05-23,Lemon Diesel Cannabis Seeds
RKQL324172-01-01,Lemon G Cannabis Seeds
RK9FM2729607-05-01,Lemon Haze Cannabis Seeds
RKAD42731666-05-01,Lemon Jack Cannabis Seeds
RK5AC21612-01-07,Lemon Kush Cannabis Seeds
RKUT424167,Lemon OG Kush Cannabis Seeds
RK38A2731891-05-25,Lemon Skunk Cannabis Seeds
RKESU2731981-05-01,Lemon Thai Cannabis Seeds
RKB322730316-05-01,Liberty Haze Cannabis Seeds
RKYF72735396-05-23,Lime Purple Mist Cannabis Seeds
RK38G2733504-05-23,Liquid Butter Cannabis Seeds
RK9TW21622-01-03,Lodi Dodi Cannabis Seeds
RK7XP2730425-05-03,Love Potion #1 Cannabis Seeds
RK6I12732332-05-03,Lucky Cannabis Seeds
RKV262731230-05-13,M-39 Cannabis Seeds
RK1492732593-05-19,MK Ultra Cannabis Seeds
RK2OT2733825-05-07,Mad Scientist Cannabis Seeds
RK1XF2735656-05-05,Mag Landrace Cannabis Seeds
RKODE2735220-05-25,Magic Beans OG Cannabis Seeds
RKOE62731194-05-05,Mango Cannabis Seeds
RK79W2730924-05-01,Mango Haze Cannabis Seeds
RKS8I21632-01-07,Mango Kush Cannabis Seeds
RKJQ12733877-05-23,Maple Leaf Cannabis Seeds
RKJK92731499-05-23,Marionberry Kush Cannabis Seeds
RKVNT2731603-05-25,Mars OG Cannabis Seeds
RK79P2731678-05-07,Master Bubba Cannabis Seeds
RK4112731778-05-19,Master Jedi Cannabis Seeds
RKECV21642-02-05,Master Kush Cannabis Seeds
RKKSB2732210-05-19,Matanuska Thunder Fuck Cannabis Seeds
RKNCM2730615-05-17,Mataro Blue CBD Cannabis Seeds
RKHWG26995-01-19,Maui Pineapple Chunk Cannabis Seeds
RK9H625903-01-01,Maui Wowie Cannabis Seeds
RK3832729775-01-07,Maxi Gom Cannabis Seeds
RK95S21688-01-07,Mazar Cannabis Seeds
RKT3Z2732246-05-01,Medibud Cannabis Seeds
RK2X827009-01-07,Medicine Man Cannabis Seeds
RKKWW2732531-05-13,Mendo Breath Cannabis Seeds
RK21J21698-01-13,Mendocino Purps Cannabis Seeds
RKCSQ2735101-05-19,Merlot OG Cannabis Seeds
RKA9I21708-01-01,Mexican Haze Cannabis Seeds
RKL1C21718-01-13,Middlefork Cannabis Seeds
RKHNS2734462-05-07,Milky Way Cannabis Seeds
RK5VU2731014-05-05,Mint Chocolate Cannabis Seeds
RK3MU2734087,Misty Kush Cannabis Seeds
RKLGO2735007-05-07,Molokai Frost Cannabis Seeds
RKZU12732662-05-23,Monster Cookies Cannabis Seeds
RKGTJ2732427-05-03,Montana Silvertip Cannabis Seeds
RK97R2732797-05-01,Moonshine Haze Cannabis Seeds
RK3IL2729968-05-23,Mother of Berries Cannabis Seeds
RK1NR2732833-05-19,Mother's Helper Cannabis Seeds
RKSLT2730567-05-25,Motorbreath #15 Cannabis Seeds
RKPP12732863-05-05,Mr. Nice Cannabis Seeds
RKA4J2735524-05-13,Mt. Rainier Cannabis Seeds
RKJ8O21728-01-19,NYC Diesel Cannabis Seeds
RKM6U2734868-05-13,Nice Cherry Cannabis Seeds
RKI3P2734596-05-07,Nicole Kush Cannabis Seeds
RKRK32733576-05-07,Night Nurse Cannabis Seeds
RKVN82731294-05-19,Night Terror OG Cannabis Seeds
RKEVW2730540-05-17,Nordle CBD Cannabis Seeds
RKYCJ2735252-05-23,North American Cannabis Seeds
RK3L52733655-05-25,Northern Berry Cannabis Seeds
RK68M22207-01-05,Northern Lights Cannabis Seeds
RKH9427306-01-07,Northern Lights x Skunk Cannabis Seeds
RKX9426511-01-05,Northern Wreck Cannabis Seeds
RK2W72735649-05-13,OCAs Cloud 9 Cannabis Seeds
RK4V226501-01-01,OG #18 Cannabis Seeds
RK7732730561-05-15,OG Cheese Cannabis Seeds
RK1XE2731084-05-01,OG Chem Cannabis Seeds
RKHRA21740-01-05,OG Kush Cannabis Seeds
RKBW62734106-05-05,OG LA Affie Cannabis Seeds
RKW162734512-05-23,OG Los Angeles Kush Cannabis Seeds
RKL3H21738-04-25,Obama Kush Cannabis Seeds
RKGOO2735031-01-13,Ogre Berry Cannabis Seeds
RKGOA2729993-05-01,Ogre Cannabis Seeds
RK7WM26985-01-05,Old School OG Cannabis Seeds
RKV132734422-05-07,Opal OG Kush Cannabis Seeds
RK78C24006-01-03,Orange Bud Cannabis Seeds
RK9UB2731672-05-19,Orange Cookies Cannabis Seeds
RKBHD2731784-05-01,Orange Crush Cannabis Seeds
RKV542731903-05-13,Orange Haze Cannabis Seeds
RKBUI2730492-05-13,Orange Kush Cannabis Seeds
RK5FT2731993-05-23,Oregon Diesel Cannabis Seeds
RK1K126877-01-07,Original Glue Cannabis Seeds
RKIZT2730130-05-25,Overlord OG Cannabis Seeds
RK8FT2734030-05-23,P-51 Cannabis Seeds
RK56G2735146-05-23,Pacific Blue Cannabis Seeds
RK85P2730776-05-01,Painkiller XL Cannabis Seeds
RKS6N2734963-05-23,Pakistan Valley Kush Cannabis Seeds
RK31221750-01-13,Panama Red Cannabis Seeds
RKG252731111-05-03,Pandora's Box Cannabis Seeds
RK9AK2731518-05-05,Papaya Cannabis Seeds
RKFPI2731206-05-07,Papa's OG Cannabis Seeds
RKPF62735378-01-25,Paris XXX Cannabis Seeds
RKGS22729444-05-17,Pennywise CBD Cannabis Seeds
RKQM921760-01-03,Permafrost Cannabis Seeds
RK8522734987-05-05,Petrolia Headstash Cannabis Seeds
RK8YJ26186-01-07,Peyote Cookies Cannabis Seeds
RKUOH21770-01-13,Pez Cannabis Seeds
RKJLB26975-01-03,Phantom Cookies Cannabis Seeds
RKMMJ2731724-05-07,Phantom OG Cannabis Seeds
RKDIS2730124-05-01,Pinchers Creek Cannabis Seeds
RK7N12733745-05-07,Pine Tar Kush Cannabis Seeds
RKSX221780-01-19,Pineapple Chunk Cannabis Seeds
RKE6Y2731792-05-03,Pineapple Diesel Cannabis Seeds
RKFS521790-01-03,Pineapple Express Cannabis Seeds
RK5382731909-05-01,Pineapple Haze Cannabis Seeds
RKZFM2732000-05-09,Pineapple Jack Cannabis Seeds
RKP762729795-01-05,Pineapple Mayhem Cannabis Seeds
RK9822732252-05-09,Pineapple Thai Cannabis Seeds
RKY3A23757-01-23,Pink Bubba Cannabis Seeds
RKO5L26761-01-13,Pink Champagne Cannabis Seeds
RK41I2734696-05-05,Pink Death Star Cannabis Seeds
RKPUK21800-01-13,Pink Kush Cannabis Seeds
RKJEG26970-01-13,Pink Mango Cannabis Seeds
RKHE42732359-05-19,Pink Panther Cannabis Seeds
RKJ5B2735597-05-19,Pink Pez Cannabis Seeds
RK7SX2732318-05-05,Platinum Bubba Kush Cannabis Seeds
RK8GX2730498-01-13,Platinum GSC Cannabis Seeds
RKA4I26198-01-05,Platinum Kush Cannabis Seeds
RK75C2729801-05-05,Platinum OG Cannabis Seeds
RKY3C25805-01-23,Platinum Purple Kush Cannabis Seeds
RK7122732569-05-03,Platinum Wreck Cannabis Seeds
RKTTO21813-01-19,Plushberry Cannabis Seeds
RKRH82734271,Pluto Kush Cannabis Seeds
RK71H2734638-05-07,Pokie Cannabis Seeds
RKR6U2732599-05-23,Pot of Gold Cannabis Seeds
RKUJA21822-01-01,Power Plant Cannabis Seeds
RK9B321832-01-07,Presidential OG Cannabis Seeds
RK74J2732803-05-23,Primus Cannabis Seeds
RK1CO2735554-01-19,Puna Budder Cannabis Seeds
RKX912734125-05-23,Punky Lion Cannabis Seeds
RKT942735415-02-19,Pure Love Cannabis Seeds
RKZ362732791-05-01,Pure Power Plant Cannabis Seeds
RKN2D2734048-05-23,Purple Bubba Cannabis Seeds
RKAXT2733601-05-19,Purple Buddha Cannabis Seeds
RK89O23644-01-13,Purple Bush Cannabis Seeds
RKHMJ2734018-01-19,Purple Cotton Candy Cannabis Seeds
RKJ1N2730918-04-13,Purple Elephant Cannabis Seeds
RKMO92730504-01-13,Purple Gorilla Cannabis Seeds
RKDK721842-01-13,Purple Haze Cannabis Seeds
RK34M2732563-05-13,Purple Hindu Kush Cannabis Seeds
RKW9C21852-01-13,Purple Kush Cannabis Seeds
RK8KO2734882-01-13,Purple Martian Kush Cannabis Seeds
RKJ5G2733306-05-23,Purple Mr. Nice Cannabis Seeds
RKQD42733325-05-13,Purple OG Kush Cannabis Seeds
RK6BE2733844-05-19,Purple Panty Dropper Cannabis Seeds
RKWWS2734644-05-13,Purple People Eater Cannabis Seeds
RKGZO26230-09-13,Purple Punch Cannabis Seeds
RKY6926890-01-19,Purple Trainwreck Cannabis Seeds
RKKAU21863-03-13,Purple Urkle Cannabis Seeds
RKIUW2733337-01-13,Purple Voodoo Cannabis Seeds
RK9RD2733349-05-19,Purple Wreck Cannabis Seeds
RK2BV2729551-05-25,Qrazy Train Cannabis Seeds
RK13Y2731524-05-05,Querkle Cannabis Seeds
RK4QU2735094-05-07,Qush Cannabis Seeds
RKXZF2731117-05-19,Rainbow Cannabis Seeds
RK2H32735069-01,Rainbow Jones Cannabis Seeds
RK49S2734441-05-13,Rare Dankness #1 Cannabis Seeds
RKACC2731218-05-13,Rare Darkness Cannabis Seeds
RK74L21873-01-05,Raskal OG Cannabis Seeds
RKWG82734006-05-25,Ray Charles Cannabis Seeds
RK6HJ2734876-01-05,Reclining Buddha Cannabis Seeds
RKMFE2731731,Red Congolese Cannabis Seeds
RK3IY2734081-05-07,Red Dwarf Cannabis Seeds
RKP9Z2729613-05-03,Red Headed Stranger Cannabis Seeds
RK3OK2731915-05-19,Redwood Kush Cannabis Seeds
RKJHV2730528-05-17,Remedy CBD Cannabis Seeds
RKKVR2730801-05-19,Remo Chemo Cannabis Seeds
RKX8825972-01-15,Ringos Gift CBD Cannabis Seeds
RKRNS2735403-05-13,Rip City Purps Cannabis Seeds
RKXJK2735088-05-23,Rockbud Cannabis Seeds
RKF9P2732120-05-25,Rockstar Cannabis Seeds
RKPQS2734608-01-07,Rocky Mountain Blueberry Cannabis Seeds
RKHW72733667-05-07,Rollex OG Kush Cannabis Seeds
RK92F2732198-05-23,Romulan Cannabis Seeds
RK8LN26002-01-23,Rose Bud Cannabis Seeds
RK5L928258-01-07,Royal Highness Cannabis Seeds
RKGCF2730789-05-01,Royal Medic Cannabis Seeds
RK8S62732869-05-13,Rug Burn OG Cannabis Seeds
RKEEU2734370-05-25,Russian Assassin Cannabis Seeds
RK1GR21883-01-19,SAGE Cannabis Seeds
RKUR621893-01-05,SFV OG Cannabis Seeds
RKWKT2731123-05-03,Santa Maria Cannabis Seeds
RK2S32733870-05-07,Satellite OG Cannabis Seeds
RK6EG2729619-05-03,Schrom Cannabis Seeds
RK3I82731306-05-25,Scooby Snacks Cannabis Seeds
RKZTA2731212-05-23,Scotts OG Cannabis Seeds
RKT232734395-05-25,Seattle Blue Cannabis Seeds
RKH372734042-01-05,Sensi Skunk Cannabis Seeds
RKQK92731539-05-23,Sensi Star Cannabis Seeds
RKFR32734480-05-23,Sexxpot Cannabis Seeds
RK11I2735615-05-07,Shark Bite Cannabis Seeds
RKP7F2731615-05-05,Shark Shock Cannabis Seeds
RKT6S2730220-05-23,Sharksbreath Cannabis Seeds
RK5D821903-01-07,Shiatsu Kush Cannabis Seeds
RK9992731921-05-01,Shipwreck Cannabis Seeds
RKN7W2732012-05-23,Shishkaberry Cannabis Seeds
RKHZB2732126-05-25,Shiva Skunk Cannabis Seeds
RK68X2732265-05-09,Silver Haze Cannabis Seeds
RK4Y82734931-01-23,Sin City Kush Cannabis Seeds
RKF922733778-05-13,Sirius Black Cannabis Seeds
RK2I521914-01-05,Skunk Kush Cannabis Seeds
RKCSW27034-01-25,Skunk No. 1 Cannabis Seeds
RKK3O21934-01-23,Skywalker OG Cannabis Seeds
RKEFO26848-01-05,Snoop Dogg OG Cannabis Seeds
RKHX221944-01-05,Snoop's Dream Cannabis Seeds
RKG192734335-03-23,Snow Monster Cannabis Seeds
RK8KB2729625-05-01,Snowcap Dream Cannabis Seeds
RKB512732669-05-07,Somango Cannabis Seeds
RKI4L2735205-02-23,Sour Ape Cannabis Seeds
RKJRK2734194-05-01,Sour Bubba Cannabis Seeds
RK59E2733818-04-05,Sour Bubble Cannabis Seeds
RK3P42732963-05-03,Sour Cream Cannabis Seeds
RK1AV21954-01-03,Sour Diesel Cannabis Seeds
RKI4G2732988-05-03,Sour Dream Cannabis Seeds
RKO1Q2735566-01-03,Sour Dubble Cannabis Seeds
RK47U2730335-05-01,Sour Girl Cannabis Seeds
RKAFC2733007-05-13,Sour Grape Cannabis Seeds
RKYP82733021-05-01,Sour Jack Cannabis Seeds
RKVTK22236-03-07,Sour Kush Cannabis Seeds
RK6E321964-01-25,Sour OG Cannabis Seeds
RK72O2733051-05-03,Sour Tangie Cannabis Seeds
RKD222730385-05-15,Sour Tsunami CBD Cannabis Seeds
RKNNQ2735421-05-23,South Indian Cannabis Seeds
RKP2E26528-01-01,Space Bomb Cannabis Seeds
RK77M2733072-05-01,Space Candy Cannabis Seeds
RK8TR2729721-05-01,Space Queen Cannabis Seeds
RKQ1X2734894-01-05,Special Kush #1 Cannabis Seeds
RKE3X2730005-05-01,Special Reserve Black Lime Cannabis Seeds
RK9A92734925-05-23,Star Berry Cannabis Seeds
RK3YZ2733095-05-05,Star Killer Cannabis Seeds
RKIFU2733312-05-09,Stardawg Cannabis Seeds
RKBY72730361-05-17,Stephen Hawking Kush CBD Cannabis Seeds
RK7GW26895-01-07,Strawberry Banana Cannabis Seeds
RKF2D2733355-05-09,Strawberry Cannabis Seeds
RK16N26216-01-19,Strawberry Cheesecake Cannabis Seeds
RK82E21974-01-03,Strawberry Cough Cannabis Seeds
RKNDU2732299-05-19,Strawberry Diesel Cannabis Seeds
RK4C42733343-05-05,Strawberry Kush Cannabis Seeds
RK9J22732070-05-19,Strawberry Lemonade Cannabis Seeds
RKIVY2730808-05-25,Sugar Cookie Cannabis Seeds
RK73K2734237-05-07,Sugar Mama Cannabis Seeds
RKU842733380-05-05,Sugar Shack Cannabis Seeds
RKD472730347-03-13,Sundae Driver Cannabis Seeds
RKU6221984-01-25,Sunset Sherbet Cannabis Seeds
RK9TZ2733392-05-25,Super Blue Dream Cannabis Seeds
RKC7L2734614-01-05,Super Bud Cannabis Seeds
RK9N92733941-05-05,Super Cheese Cannabis Seeds
RK51D26853-01-09,Super Green Crack Cannabis Seeds
RKB9I23625,Super Kush Cannabis Seeds
RKVXS21991-02-01,Super Lemon Haze Cannabis Seeds
RK6F222000-01-01,Super Silver Haze Cannabis Seeds
RKZ6S2733418-05-23,Super Skunk Cannabis Seeds
RKQ1Y2733425-05-05,Super Snow Dog Cannabis Seeds
RKFZ22732397-05-09,Super Sour Diesel Cannabis Seeds
RK5R62734734-01-25,Supergirl Cannabis Seeds
RK35U2733444-05-07,Superman OG Cannabis Seeds
RK6RP22967-01-15,Suzy Q CBD Cannabis Seeds
RKD1X2734290-01-25,Sweet Baby Jane Cannabis Seeds
RKQZ22733451-05-03,Sweet Cheese Cannabis Seeds
RKE262734140-05-19,Sweet Deep Grapefruit Cannabis Seeds
RKZOC2734728-05-25,Sweet Lafayette Cannabis Seeds
RKFV32729789-01-19,Sweet Tooth Cannabis Seeds
RKY3Q2730510-05-17,Sweet and Sour Widow CBD Cannabis Seeds
RK81L23930-01-23,THC Bomb Cannabis Seeds
RKHQ82729727-05-01,Tahoe OG Cannabis Seeds
RKTL82729782-01-13,Tahoe OG Kush Cannabis Seeds
RKYPZ22246-01-01,Tangerine Cannabis Seeds
RKQ2827290-01-05,Tangerine Dream Cannabis Seeds
RKR8F2731129-05-07,Tangerine Kush Cannabis Seeds
RK5232731546-05-03,Tangerine Power Cannabis Seeds
RKHK422010-01-03,Tangie Cannabis Seeds
RKKSP2731737-05-09,Tangilope Cannabis Seeds
RKLZJ2734981-05-05,Terminator OG Cannabis Seeds
RKHAC27317-01-09,Thai Cannabis Seeds
RK1F82731800-05-23,The Hog Cannabis Seeds
RK3DX2734323-01-25,The OX Cannabis Seeds
RK8Z42735322-01-23,The Sister Cannabis Seeds
RK7F72731927-05-19,The Truth Cannabis Seeds
RK5632732019-05-05,The White Cannabis Seeds
RK4RH2735603-01-25,Tiger Woods Cannabis Seeds
RK35G2735668-01-19,Tigermelon Cannabis Seeds
RK54R2732287-05-03,Timewreck Cannabis Seeds
RKSDK2732379-05-13,Tora Bora Cannabis Seeds
RKTGB2733517-05-05,Training Day Cannabis Seeds
RK76Y22020-01-25,Trainwreck Cannabis Seeds
RK6T72735573-05-23,Tree of Life Cannabis Seeds
RKD1Y2730821-05-01,Trinity Cannabis Seeds
RKZAV2734944-01-05,Triple Cheese Cannabis Seeds
RKSF52735591-05-03,Tropic Thunder Cannabis Seeds
RK37Y2732641-05-03,Tutankhamon Cannabis Seeds
RKHYM26181,Tyson Cannabis Seeds
RKZ212729690-05-01,UK Cheese Cannabis Seeds
RKJ492731318-05-05,UW Cannabis Seeds
RK9M32734428-05-19,Vader OG Cannabis Seeds
RKUZ62730373-05-15,Valentine X CBD Cannabis Seeds
RKIAD2731152-05-19,Vanilla Kush Cannabis Seeds
RKODR2731236-05-25,Venom OG Cannabis Seeds
RKI3V23619-01-01,Vortex Cannabis Seeds
RK2312734410-05-07,WMD Cannabis Seeds
RK16F2734495-05-23,WSU Cannabis Seeds
RK3OU2730391-05-05,Warlock Cannabis Seeds
RKLH22731158-05-2-05,Watermelon Cannabis Seeds
RKE2622030-01-23,Wedding Cake Cannabis Seeds
RKWKA2735409-01-25,West OG Cannabis Seeds
RKFA82734758-05-19,Whitaker Blues Cannabis Seeds
RK7Q22731248-05-19,White Berry Cannabis Seeds
RKBNZ2731621,White Buffalo Cannabis Seeds
RK2BS2735309-05-23,White Empress Cannabis Seeds
RKESQ25892-04-07,White Fire OG Cannabis Seeds
RK1662731743-05-25,White Gold Cannabis Seeds
RKXY92735057-05-19,White Kryptonite Cannabis Seeds
RKPC52731841-05-19,White Lightning Cannabis Seeds
RKILQ2731933-01-03,White Nightmare Cannabis Seeds
RKIFY2732138-05-07,White Russian Cannabis Seeds
RKDLP22050-01-05,White Widow Cannabis Seeds
RK43923638-01-19,Willie Nelson Cannabis Seeds
RKL1Y26172-01-05,Willys Wonder Cannabis Seeds
RK7G52734752-05-19,X-Wing Cannabis Seeds
RK5EI27323-01-25,XJ-13 Cannabis Seeds
RKU1T2735037-04-23,XXX 420 Cannabis Seeds
RK2492730839-05-23,XXX OG Cannabis Seeds
RK56V2733589-05-05,Yeti OG Cannabis Seeds
RKVM72734502-05-23,Yoda's Brain Cannabis Seeds
RKP5R26771,Yumboldt Cannabis Seeds
RKP992730367-05-15,Zen CBD Cannabis Seeds
RKLLP22060-01-07,Zkittlez Cannabis Seeds
RKFDX2736449-04-07,Zombie Kush Cannabis Seeds
